site	cond1	cond2	mod_cond1	mod_cond2	unmod_cond1	unmod_cond2	odds_ratio	pvalue
chr10:100364392	wtdmso	wtcsc	1	15	39	47	0.08034188034188035	0.004014071779260452
chr10:100364512	wtdmso	wtcsc	18	40	79	87	0.49556962025316453	0.031719944972059995
chr10:104031722	wtdmso	wtcsc	2	17	75	82	0.12862745098039216	0.002442186895390645
chr10:104033264	wtdmso	wtcsc	6	25	71	60	0.2028169014084507	0.0005456504742475393
chr10:119500018	wtdmso	wtcsc	3	14	9	6	0.14285714285714285	0.026880108332930315
chr10:17233839	wtdmso	wtcsc	18	73	169	217	0.31660857582880764	1.5422111709486448e-05
chr10:17235208	wtdmso	wtcsc	14	47	245	318	0.38662613981762917	0.002374788929885929
chr10:17235340	wtdmso	wtcsc	1	10	273	378	0.13846153846153847	0.031029039038122583
chr10:17236340	wtdmso	wtcsc	13	36	274	332	0.4375506893755069	0.01107084522251562
chr10:17237524	wtdmso	wtcsc	21	54	276	360	0.5072463768115942	0.012884922632310428
chr10:32901079	wtdmso	wtcsc	5	20	61	87	0.35655737704918034	0.04742068130820066
chr10:32901200	wtdmso	wtcsc	4	28	65	71	0.15604395604395604	0.00023525185108270606
chr10:4972736	wtdmso	wtcsc	5	4	36	145	5.034722222222222	0.023812950734311368
chr10:71817018	wtdmso	wtcsc	27	63	201	273	0.582089552238806	0.034552187632954076
chr10:71817351	wtdmso	wtcsc	6	28	200	269	0.2882142857142857	0.0036818086879973544
chr10:71818641	wtdmso	wtcsc	23	56	155	195	0.5167050691244239	0.016029184491784854
chr10:71818681	wtdmso	wtcsc	25	67	153	190	0.46336942737293924	0.002749150859803747
chr10:71819613	wtdmso	wtcsc	14	58	127	155	0.2945967960901439	7.524164672949443e-05
chr10:71828041	wtdmso	wtcsc	5	22	105	161	0.3484848484848485	0.03679971563833478
chr10:71828117	wtdmso	wtcsc	29	72	76	107	0.5670687134502924	0.03976148684770511
chr10:71828134	wtdmso	wtcsc	18	53	88	113	0.436106346483705	0.007034069121767685
chr10:71831216	wtdmso	wtcsc	30	83	55	54	0.3548740416210296	0.0003150528459503982
chr10:72274373	wtdmso	wtcsc	7	30	89	151	0.39588014981273406	0.04007082933651736
chr10:72275294	wtdmso	wtcsc	7	32	100	167	0.3653125	0.018931432481254708
chr10:72275926	wtdmso	wtcsc	56	150	57	90	0.5894736842105263	0.027682000717074932
chr10:72275988	wtdmso	wtcsc	1	20	92	193	0.10489130434782609	0.005988249889202921
chr10:75214036	wtdmso	wtcsc	1	7	83	64	0.11015490533562823	0.02413133249740642
chr10:75219320	wtdmso	wtcsc	4	15	84	64	0.20317460317460317	0.005957814268539948
chr10:75229688	wtdmso	wtcsc	2	10	97	90	0.18556701030927836	0.033040109324184976
chr10:78035387	wtdmso	wtcsc	7	33	237	354	0.31683927886459534	0.004060462259714878
chr10:78037248	wtdmso	wtcsc	1	13	255	422	0.12730015082956259	0.02241033832458353
chr10:84142696	wtdmso	wtcsc	2	12	33	38	0.1919191919191919	0.03609516275282805
chr10:95237636	wtdmso	wtcsc	2	16	78	102	0.16346153846153846	0.010010986002654113
chr10:97432610	wtdmso	wtcsc	7	19	68	67	0.36300309597523217	0.032640681724997005
chr11:119017507	wtdmso	wtcsc	109	174	292	320	0.6865060620374744	0.011374996079877006
chr11:123057592	wtdmso	wtcsc	10	32	54	71	0.41087962962962965	0.0283570297084307
chr11:18396889	wtdmso	wtcsc	5	18	50	43	0.2388888888888889	0.009319067152432005
chr11:18407169	wtdmso	wtcsc	1	9	89	100	0.12484394506866417	0.02386691130996284
chr11:18407206	wtdmso	wtcsc	11	27	115	115	0.4074074074074074	0.021750842925913963
chr11:18407604	wtdmso	wtcsc	15	36	122	103	0.351775956284153	0.001761251887902623
chr11:18407625	wtdmso	wtcsc	37	60	90	76	0.5207407407407407	0.014987884148251446
chr11:2395872	wtdmso	wtcsc	1	10	86	67	0.07790697674418605	0.0031702571500854286
chr11:2396652	wtdmso	wtcsc	7	20	86	62	0.25232558139534883	0.00288365832834774
chr11:2396890	wtdmso	wtcsc	6	14	72	55	0.3273809523809524	0.031239264496907698
chr11:2397096	wtdmso	wtcsc	10	21	90	68	0.35978835978835977	0.017300382217156806
chr11:32589565	wtdmso	wtcsc	1	10	30	34	0.11333333333333333	0.021578389262834195
chr11:33710163	wtdmso	wtcsc	14	32	83	82	0.4322289156626506	0.01931676053499294
chr11:3827050	wtdmso	wtcsc	9	25	35	36	0.3702857142857143	0.0346382081867388
chr11:3827977	wtdmso	wtcsc	10	29	28	31	0.3817733990147783	0.03563320341779852
chr11:61964763	wtdmso	wtcsc	16	70	654	1346	0.4704237658366099	0.006324758027447753
chr11:61964818	wtdmso	wtcsc	54	164	653	1385	0.6983714936689949	0.031261188453228075
chr11:61964826	wtdmso	wtcsc	11	49	731	1600	0.49135933443144697	0.03350361539526654
chr11:61964883	wtdmso	wtcsc	22	84	671	1497	0.5843091334894613	0.030119477964142924
chr11:61965013	wtdmso	wtcsc	12	100	662	1440	0.2610271903323263	7.71803011851173e-07
chr11:61965022	wtdmso	wtcsc	162	533	462	816	0.5368290246339027	3.735514684305492e-09
chr11:61965104	wtdmso	wtcsc	10	48	502	1151	0.4776726427622842	0.039929050722839955
chr11:61965405	wtdmso	wtcsc	5	49	670	1494	0.22753579043557723	0.0002627245490296602
chr11:61965422	wtdmso	wtcsc	12	53	569	1296	0.5157011639088769	0.03895547355284235
chr11:61965434	wtdmso	wtcsc	57	188	605	1313	0.658000703358537	0.007983350439249207
chr11:61967378	wtdmso	wtcsc	38	130	496	1115	0.6571029776674938	0.027214225798139337
chr11:61967390	wtdmso	wtcsc	77	266	458	1010	0.63835899793151	0.0012646403835137375
chr11:61967574	wtdmso	wtcsc	7	74	465	1058	0.21522813135716362	7.443890410613038e-06
chr11:62567426	wtdmso	wtcsc	16	40	347	408	0.47031700288184436	0.012072481993288243
chr11:62571038	wtdmso	wtcsc	21	46	275	329	0.5461660079051384	0.027774089135048592
chr11:62885196	wtdmso	wtcsc	1	13	93	133	0.11000827129859388	0.01048536712881112
chr11:62885255	wtdmso	wtcsc	2	19	92	121	0.13844393592677345	0.0020635582377362518
chr11:62888209	wtdmso	wtcsc	6	25	82	101	0.29560975609756096	0.00955514736560361
chr11:62888530	wtdmso	wtcsc	16	52	82	113	0.42401500938086306	0.008440675273808703
chr11:62888692	wtdmso	wtcsc	9	31	32	42	0.3810483870967742	0.04019782749075713
chr11:62888703	wtdmso	wtcsc	4	20	74	102	0.2756756756756757	0.0239823049442566
chr11:64319791	wtdmso	wtcsc	9	2	57	111	8.763157894736842	0.0023411979696549207
chr11:64320660	wtdmso	wtcsc	1	12	63	89	0.11772486772486772	0.017131910451291484
chr11:65855423	wtdmso	wtcsc	1	8	133	154	0.14473684210526316	0.04371067144231453
chr11:67071699	wtdmso	wtcsc	9	24	23	20	0.32608695652173914	0.034317684934311345
chr11:67071922	wtdmso	wtcsc	2	13	28	31	0.17032967032967034	0.01915719234914903
chr11:67584718	wtdmso	wtcsc	9	32	303	380	0.3527227722772277	0.005305959732002121
chr11:67585200	wtdmso	wtcsc	31	65	304	400	0.6275303643724697	0.04712730101943022
chr11:67586588	wtdmso	wtcsc	66	121	241	279	0.6314598264805734	0.00983047523067992
chr11:75400722	wtdmso	wtcsc	150	263	298	373	0.7138847066629239	0.009225770721292033
chr11:75401640	wtdmso	wtcsc	105	206	338	417	0.6288418452346757	0.0010180635408639485
chr11:75401681	wtdmso	wtcsc	142	289	357	442	0.6083374526281101	7.438439865645213e-05
chr11:75401685	wtdmso	wtcsc	97	202	399	522	0.6282289883123651	0.0008906714388861574
chr11:75404091	wtdmso	wtcsc	30	23	540	791	1.9106280193236715	0.022748431524017367
chr11:75404710	wtdmso	wtcsc	58	135	457	586	0.5509036388686279	0.00033961100925935785
chr11:75404749	wtdmso	wtcsc	21	71	540	723	0.3960093896713615	0.00016514925003804372
chr11:75404768	wtdmso	wtcsc	56	129	494	644	0.5659228572325268	0.0007180557332626704
chr11:75405661	wtdmso	wtcsc	2	18	472	665	0.1565442561205273	0.004611003889061174
chr11:7987662	wtdmso	wtcsc	1	8	73	72	0.1232876712328767	0.03490809192425417
chr11:7995027	wtdmso	wtcsc	9	23	111	104	0.36662749706227965	0.014107453066316247
chr11:7996136	wtdmso	wtcsc	12	27	104	95	0.405982905982906	0.014847455866879352
chr11:812810	wtdmso	wtcsc	54	89	432	486	0.6825842696629213	0.03843469735818042
chr11:837490	wtdmso	wtcsc	10	43	19	30	0.3671970624235006	0.03002030258533174
chr11:8684811	wtdmso	wtcsc	80	137	630	742	0.6877534468775345	0.012587085305632892
chr11:8684825	wtdmso	wtcsc	157	227	466	508	0.7539657030496681	0.021616975984540696
chr11:8684856	wtdmso	wtcsc	4	17	610	723	0.2788813886210222	0.014976328115460798
chr12:106239169	wtdmso	wtcsc	6	32	5	5	0.1875	0.0358635421152376
chr12:10699149	wtdmso	wtcsc	13	34	57	65	0.4360165118679051	0.03583836296116394
chr12:110436160	wtdmso	wtcsc	7	28	35	47	0.3357142857142857	0.021463461625801875
chr12:112405329	wtdmso	wtcsc	38	74	228	243	0.5472972972972973	0.0060505152027264955
chr12:112406035	wtdmso	wtcsc	2	11	260	306	0.213986013986014	0.04468689545930607
chr12:112406296	wtdmso	wtcsc	37	79	247	262	0.49679700712345615	0.0013074405573171052
chr12:112406809	wtdmso	wtcsc	9	25	262	299	0.41083969465648856	0.02182711395493673
chr12:120196776	wtdmso	wtcsc	82	139	838	916	0.6448378290207929	0.0026595635623175877
chr12:120198938	wtdmso	wtcsc	51	97	733	792	0.5680932757626475	0.001819941291500584
chr12:120199204	wtdmso	wtcsc	9	24	675	757	0.42055555555555557	0.032726806090215416
chr12:120199366	wtdmso	wtcsc	37	87	598	632	0.449467573905355	6.474653803276428e-05
chr12:124912113	wtdmso	wtcsc	48	128	343	530	0.5794460641399417	0.002724885384655624
chr12:124912150	wtdmso	wtcsc	73	171	297	449	0.6453816921653179	0.006020008572297614
chr12:124912287	wtdmso	wtcsc	62	153	292	450	0.6244963738920226	0.004978067685356745
chr12:124912341	wtdmso	wtcsc	45	119	329	526	0.604582258435289	0.007853909565735052
chr12:124912378	wtdmso	wtcsc	64	149	263	418	0.6826753770383035	0.02760927229859948
chr12:124912458	wtdmso	wtcsc	27	91	288	455	0.46875	0.0009280065447287846
chr12:124912569	wtdmso	wtcsc	31	87	288	493	0.6099537037037037	0.029816912899907122
chr12:124912686	wtdmso	wtcsc	42	103	248	394	0.6478233636078923	0.035735461442976735
chr12:124912834	wtdmso	wtcsc	64	146	196	315	0.7045009784735812	0.04967449571755134
chr12:124913142	wtdmso	wtcsc	29	102	212	347	0.465362560118387	0.0005286154465905394
chr12:124913253	wtdmso	wtcsc	31	94	197	355	0.5942866400259207	0.021113293515534096
chr12:124913290	wtdmso	wtcsc	51	145	172	273	0.5582598235765838	0.002173203255983182
chr12:124913709	wtdmso	wtcsc	49	131	148	254	0.641943470187745	0.029093310028010785
chr12:124913746	wtdmso	wtcsc	33	94	156	267	0.6008592471358429	0.025283393117797107
chr12:21635367	wtdmso	wtcsc	6	20	59	71	0.3610169491525424	0.04879302399727528
chr12:21638404	wtdmso	wtcsc	18	43	46	47	0.4277047522750253	0.019010783605876512
chr12:49759297	wtdmso	wtcsc	3	19	50	85	0.26842105263157895	0.049354984700259785
chr12:49763662	wtdmso	wtcsc	1	9	53	67	0.14046121593291405	0.04519929281493337
chr12:49764530	wtdmso	wtcsc	24	55	54	59	0.4767676767676768	0.01736662408993215
chr12:52241544	wtdmso	wtcsc	8	53	118	338	0.43236328749600256	0.03774093510369596
chr12:52487268	wtdmso	wtcsc	92	150	297	340	0.7021324354657688	0.022698280512658816
chr12:52487321	wtdmso	wtcsc	24	63	385	439	0.4343846629560915	0.0006256195734997567
chr12:52487361	wtdmso	wtcsc	17	45	382	426	0.4212914485165794	0.00231946531094055
chr12:52490659	wtdmso	wtcsc	3	26	101	254	0.2901751713632902	0.047904942561375743
chr12:52490920	wtdmso	wtcsc	43	157	54	107	0.5426987497051191	0.012116612479261716
chr12:52491122	wtdmso	wtcsc	11	55	87	211	0.4850574712643678	0.04556649120616738
chr12:52492752	wtdmso	wtcsc	4	37	53	152	0.3100458949515553	0.025832306108296243
chr12:52514616	wtdmso	wtcsc	16	27	280	197	0.41693121693121693	0.009411192190188494
chr12:52514697	wtdmso	wtcsc	12	31	394	270	0.2652693630260357	8.797510200507443e-05
chr12:52516702	wtdmso	wtcsc	43	67	195	180	0.5924225028702641	0.022493462930856047
chr12:52518993	wtdmso	wtcsc	4	18	125	177	0.31466666666666665	0.04086916190585198
chr12:52519023	wtdmso	wtcsc	4	25	110	159	0.23127272727272727	0.004284756009747575
chr12:52520305	wtdmso	wtcsc	2	21	84	135	0.15306122448979592	0.004901194238951245
chr12:52952134	wtdmso	wtcsc	7	42	57	118	0.34502923976608185	0.012242534649808252
chr12:53041222	wtdmso	wtcsc	3	16	25	32	0.24	0.03133239993144513
chr12:53041596	wtdmso	wtcsc	1	9	39	48	0.13675213675213677	0.04311345588824722
chr12:53468813	wtdmso	wtcsc	33	79	98	99	0.42198398346680444	0.0005263346717992513
chr12:54284711	wtdmso	wtcsc	29	74	48	52	0.42454954954954954	0.003956655331788223
chr12:54284723	wtdmso	wtcsc	5	23	98	145	0.3216503992901508	0.02313798236472662
chr12:56638214	wtdmso	wtcsc	53	73	72	54	0.5445205479452054	0.023148873991845127
chr12:56638379	wtdmso	wtcsc	13	27	128	123	0.4626736111111111	0.04010075813315979
chr12:56638400	wtdmso	wtcsc	27	48	132	130	0.5539772727272727	0.03547972384297694
chr12:57234516	wtdmso	wtcsc	4	18	40	45	0.25	0.01568766697362543
chr12:57750971	wtdmso	wtcsc	26	132	177	495	0.5508474576271186	0.009911093911648242
chr12:57751010	wtdmso	wtcsc	36	165	174	502	0.6294670846394984	0.023768599671696863
chr12:6235479	wtdmso	wtcsc	12	19	38	22	0.3656509695290859	0.028839156759706795
chr12:6390777	wtdmso	wtcsc	5	17	28	29	0.30462184873949577	0.04268770368716593
chr12:6537383	wtdmso	wtcsc	41	99	856	1156	0.5592844331162088	0.0018981208885658187
chr12:6537583	wtdmso	wtcsc	88	217	731	946	0.5248034697750068	1.3918273650096481e-06
chr12:6537616	wtdmso	wtcsc	21	72	846	1115	0.3844070133963751	6.0723359095847595e-05
chr12:6537788	wtdmso	wtcsc	20	65	701	908	0.3985515198068693	0.00027033190619277957
chr12:6537793	wtdmso	wtcsc	188	345	671	806	0.6545627335363615	5.3378859059192966e-05
chr12:6537911	wtdmso	wtcsc	144	274	797	1048	0.6910586231213767	0.0011677719719130923
chr12:6538295	wtdmso	wtcsc	3	19	896	1239	0.21833881578947367	0.00779866595974588
chr12:6869295	wtdmso	wtcsc	2	16	116	164	0.17672413793103448	0.011548168504266251
chr12:6870446	wtdmso	wtcsc	6	24	118	152	0.3220338983050847	0.017721101350214465
chr12:6870794	wtdmso	wtcsc	15	39	124	136	0.4218362282878412	0.010022919477277053
chr12:6965529	wtdmso	wtcsc	5	18	37	41	0.3078078078078078	0.032090790882432774
chr12:98601380	wtdmso	wtcsc	18	45	115	142	0.49391304347826087	0.02237791995438505
chr12:98601439	wtdmso	wtcsc	3	19	141	180	0.20156774916013437	0.00620886178408383
chr12:98601548	wtdmso	wtcsc	87	139	51	46	0.5645366060093102	0.0202916028641357
chr13:113306580	wtdmso	wtcsc	2	8	8	4	0.125	0.04273126254550403
chr13:113322631	wtdmso	wtcsc	2	7	38	12	0.09022556390977443	0.0033757287707862783
chr13:21146825	wtdmso	wtcsc	3	8	44	26	0.2215909090909091	0.045448324842334215
chr13:21177296	wtdmso	wtcsc	15	27	22	14	0.35353535353535354	0.04010144469126707
chr13:27253783	wtdmso	wtcsc	170	239	229	241	0.7485702800972027	0.03540863876848998
chr13:45336915	wtdmso	wtcsc	25	58	177	209	0.508961620884473	0.0100817822197972
chr13:45337045	wtdmso	wtcsc	106	159	71	68	0.6384976525821596	0.035271088035980426
chr13:45337293	wtdmso	wtcsc	339	514	292	293	0.6617917488406801	0.00015161013202757463
chr13:45337309	wtdmso	wtcsc	124	212	443	572	0.7552280761531581	0.030341924950433263
chr13:45339503	wtdmso	wtcsc	3	23	633	794	0.16361013805893262	0.0005281259402821484
chr13:45339549	wtdmso	wtcsc	11	34	591	750	0.4105703194983577	0.009081289764851496
chr13:45339580	wtdmso	wtcsc	43	96	586	724	0.5533987485779295	0.002120835320408718
chr13:45340062	wtdmso	wtcsc	93	169	529	628	0.653281283207123	0.002981968909749586
chr14:21210621	wtdmso	wtcsc	2	7	14	6	0.12244897959183673	0.04053687441993289
chr14:35314360	wtdmso	wtcsc	4	1	9	33	14.666666666666666	0.016687104245996752
chr14:35401726	wtdmso	wtcsc	5	1	24	41	8.541666666666666	0.03814249532633586
chr14:35401832	wtdmso	wtcsc	13	9	14	31	3.1984126984126986	0.03625175565275542
chr14:49618828	wtdmso	wtcsc	14	36	21	19	0.35185185185185186	0.02892824956183558
chr14:49618877	wtdmso	wtcsc	1	14	32	42	0.09375	0.007590025450503805
chr14:54427497	wtdmso	wtcsc	4	22	21	34	0.2943722943722944	0.043037929844799434
chr14:55145216	wtdmso	wtcsc	3	13	32	35	0.25240384615384615	0.04826015850976638
chr14:68793025	wtdmso	wtcsc	9	3	4	10	7.5	0.04717997038632386
chr14:68902550	wtdmso	wtcsc	1	8	12	4	0.041666666666666664	0.003607484183604791
chr14:74493197	wtdmso	wtcsc	1	12	39	54	0.11538461538461539	0.016432238527320647
chr15:34341955	wtdmso	wtcsc	2	13	22	28	0.1958041958041958	0.036291011916210786
chr15:43771511	wtdmso	wtcsc	8	39	70	80	0.23443223443223443	0.0002783792153189949
chr15:44715670	wtdmso	wtcsc	9	21	126	120	0.40816326530612246	0.03334350678686655
chr15:44717884	wtdmso	wtcsc	21	39	125	116	0.4996923076923077	0.021227066279908557
chr15:60347633	wtdmso	wtcsc	8	38	239	367	0.32327681127504954	0.0025369981053006106
chr15:60351202	wtdmso	wtcsc	14	60	230	339	0.34391304347826085	0.00030971972683672304
chr15:60351235	wtdmso	wtcsc	8	31	228	353	0.39954725523486134	0.025585210644147344
chr15:60351785	wtdmso	wtcsc	8	4	213	391	3.671361502347418	0.03302227900711193
chr15:60355989	wtdmso	wtcsc	4	36	189	334	0.19635508524397413	0.00043583454282200313
chr15:60364436	wtdmso	wtcsc	16	11	133	291	3.1825017088174983	0.005078047964889211
chr15:64155918	wtdmso	wtcsc	6	30	53	96	0.3622641509433962	0.029738242602623408
chr15:66499405	wtdmso	wtcsc	29	75	338	534	0.610887573964497	0.03222405511923754
chr15:66503419	wtdmso	wtcsc	36	98	205	335	0.600298656047785	0.020300901993098242
chr15:69455481	wtdmso	wtcsc	8	28	377	382	0.28950359984842744	0.0017365405482775982
chr15:72199401	wtdmso	wtcsc	54	79	130	122	0.6414800389483933	0.04219948302338453
chr15:72199569	wtdmso	wtcsc	69	101	104	98	0.6437547600913938	0.03756059217537426
chr15:72200490	wtdmso	wtcsc	12	34	146	166	0.40128928283642223	0.010397730689424053
chr15:79322689	wtdmso	wtcsc	7	9	7	37	4.111111111111111	0.03792041800587739
chr15:90228629	wtdmso	wtcsc	4	7	26	9	0.1978021978021978	0.031903202514198176
chr16:1314344	wtdmso	wtcsc	1	14	10	12	0.08571428571428572	0.013600952912606384
chr16:1349440	wtdmso	wtcsc	3	11	11	3	0.0743801652892562	0.007028212759805167
chr16:1962126	wtdmso	wtcsc	40	116	1161	1212	0.35997505123407286	1.1161715198749061e-08
chr16:1962153	wtdmso	wtcsc	11	38	1282	1450	0.3274078331554315	0.0007221406336838417
chr16:1962167	wtdmso	wtcsc	19	61	1405	1564	0.346724228458083	2.136379884228133e-05
chr16:1962204	wtdmso	wtcsc	45	107	1377	1515	0.4627084478651274	1.2442720079726925e-05
chr16:1962225	wtdmso	wtcsc	41	69	1261	1404	0.6615867324069924	0.040745679637629637
chr16:1962240	wtdmso	wtcsc	95	209	1146	1206	0.4783436458829129	7.429700071557962e-09
chr16:1962543	wtdmso	wtcsc	223	330	1028	1236	0.8124867350548285	0.03177425156496124
chr16:1962769	wtdmso	wtcsc	18	46	1340	1498	0.43744321868916286	0.002296641304588401
chr16:1963177	wtdmso	wtcsc	9	30	1208	1368	0.33973509933774837	0.003212082034206088
chr16:1964563	wtdmso	wtcsc	130	260	916	1040	0.5676855895196506	8.535230221957051e-07
chr16:30067500	wtdmso	wtcsc	166	177	194	323	1.561477080785136	0.0018803986261140687
chr16:30068868	wtdmso	wtcsc	43	83	370	469	0.6566916313904265	0.04227715430441098
chr16:30068905	wtdmso	wtcsc	47	90	378	425	0.5871546149323927	0.006917137537206646
chr16:30069529	wtdmso	wtcsc	20	46	461	566	0.5338111855135339	0.021404601389707362
chr16:30069924	wtdmso	wtcsc	43	83	464	560	0.625259659326963	0.01751643491297082
chr16:30069988	wtdmso	wtcsc	89	80	449	618	1.5312360801781737	0.012091934759903434
chr16:3021271	wtdmso	wtcsc	12	44	86	150	0.47568710359408034	0.040174249766852826
chr16:3021989	wtdmso	wtcsc	32	24	116	251	2.8850574712643677	0.00028294630380691155
chr16:3022075	wtdmso	wtcsc	21	64	122	211	0.5674948770491803	0.04088409429296025
chr16:3022146	wtdmso	wtcsc	19	61	131	231	0.5492428982605431	0.0368730238904293
chr16:56627083	wtdmso	wtcsc	33	75	102	129	0.5564705882352942	0.01768826418331833
chr16:56627105	wtdmso	wtcsc	7	33	71	125	0.37345283824157066	0.026189034068583535
chr16:58708001	wtdmso	wtcsc	7	22	29	28	0.3072100313479624	0.021513175887405686
chr16:58709419	wtdmso	wtcsc	21	17	14	31	2.735294117647059	0.04397562019598561
chr16:70252653	wtdmso	wtcsc	4	21	28	40	0.272108843537415	0.02755879272077226
chr16:70252724	wtdmso	wtcsc	4	19	28	40	0.3007518796992481	0.0456285324959009
chr16:87830132	wtdmso	wtcsc	9	26	229	292	0.44138394356734967	0.03553346868369002
chr16:87830486	wtdmso	wtcsc	105	184	105	129	0.7010869565217391	0.049098947998242264
chr16:87831151	wtdmso	wtcsc	74	149	60	69	0.5711409395973155	0.01661328373444846
chr16:87831267	wtdmso	wtcsc	39	99	61	71	0.4585196224540487	0.002525480753464382
chr16:89561008	wtdmso	wtcsc	182	276	818	984	0.7932390772828745	0.030809424065664014
chr16:89561641	wtdmso	wtcsc	70	118	1131	1373	0.7201516581995834	0.03977709367509164
chr16:89562342	wtdmso	wtcsc	251	394	962	1138	0.7536065937081166	0.0020558748503277397
chr16:89562364	wtdmso	wtcsc	66	128	1090	1297	0.6135464449541285	0.0020180077976878754
chr16:89563017	wtdmso	wtcsc	189	292	1025	1252	0.7906047444036084	0.02290825312647051
chr17:16439365	wtdmso	wtcsc	8	24	170	203	0.3980392156862745	0.02627556584488583
chr17:16439409	wtdmso	wtcsc	27	54	181	210	0.580110497237569	0.036610215770323015
chr17:16441890	wtdmso	wtcsc	17	42	213	237	0.4503688799463447	0.007987096441672902
chr17:28722756	wtdmso	wtcsc	7	27	320	436	0.35324074074074074	0.012247930092927118
chr17:39997528	wtdmso	wtcsc	2	7	27	14	0.14814814814814814	0.025312912890091646
chr17:39997731	wtdmso	wtcsc	2	5	25	9	0.144	0.03501543905908476
chr17:40019226	wtdmso	wtcsc	10	31	34	32	0.3036053130929791	0.008264277601068414
chr17:40019372	wtdmso	wtcsc	5	17	34	32	0.2768166089965398	0.025353430692636195
chr17:41523980	wtdmso	wtcsc	2	20	169	374	0.22130177514792898	0.0311640531976634
chr17:41524412	wtdmso	wtcsc	42	70	132	366	1.6636363636363636	0.02731857827304548
chr17:41582339	wtdmso	wtcsc	21	53	489	554	0.44889454798009026	0.0023449803302647097
chr17:41582438	wtdmso	wtcsc	92	181	469	509	0.5516380214162023	2.619736027416741e-05
chr17:41582529	wtdmso	wtcsc	76	144	444	469	0.557494994994995	0.0001615495526313346
chr17:41583438	wtdmso	wtcsc	51	111	459	572	0.5725725725725725	0.002036486978317629
chr17:41583662	wtdmso	wtcsc	55	121	335	475	0.6445047489823609	0.01362064987358252
chr17:41583793	wtdmso	wtcsc	51	124	324	485	0.6156660692951016	0.007695715459889145
chr17:41584320	wtdmso	wtcsc	6	31	267	481	0.3486770569046756	0.013519169350488571
chr17:41586463	wtdmso	wtcsc	2	28	158	321	0.14511754068716093	0.0018151419529095865
chr17:41619590	wtdmso	wtcsc	42	59	373	316	0.6030808379152088	0.01915409660308458
chr17:41620553	wtdmso	wtcsc	87	100	334	272	0.708502994011976	0.044252344015957484
chr17:41620748	wtdmso	wtcsc	7	20	408	363	0.3113970588235294	0.006031523523338619
chr17:41621082	wtdmso	wtcsc	67	91	254	236	0.6840875659773298	0.04412225158358646
chr17:41621090	wtdmso	wtcsc	1	8	288	285	0.12369791666666667	0.03765853054570706
chr17:41624156	wtdmso	wtcsc	43	96	76	85	0.5009594298245614	0.004553512859033344
chr17:41624240	wtdmso	wtcsc	26	20	97	162	2.1711340206185565	0.021674804216773542
chr17:41690166	wtdmso	wtcsc	53	94	277	331	0.6737460634457332	0.04146854636851981
chr17:41690968	wtdmso	wtcsc	4	19	316	404	0.2691538974017322	0.01669392216100902
chr17:41754815	wtdmso	wtcsc	2	11	62	53	0.15542521994134897	0.01627151438468783
chr17:42128360	wtdmso	wtcsc	2	9	12	6	0.1111111111111111	0.020939530234882556
chr17:43002907	wtdmso	wtcsc	3	20	151	280	0.2781456953642384	0.03960197501436381
chr17:43014921	wtdmso	wtcsc	2	18	36	62	0.19135802469135801	0.01940210358356349
chr17:43015563	wtdmso	wtcsc	4	19	26	30	0.242914979757085	0.02122466595063055
chr17:44352897	wtdmso	wtcsc	1	8	84	86	0.12797619047619047	0.03648217329618861
chr17:4946725	wtdmso	wtcsc	30	54	268	297	0.6156716417910447	0.046648789768147
chr17:50089862	wtdmso	wtcsc	22	48	111	130	0.5367867867867868	0.03907975501525765
chr17:51168252	wtdmso	wtcsc	13	37	166	209	0.44236405079778574	0.014704788212170042
chr17:51171558	wtdmso	wtcsc	30	65	179	211	0.5440481306403094	0.014967802041134804
chr17:5433153	wtdmso	wtcsc	2	9	48	35	0.16203703703703703	0.021573810400525213
chr17:64500695	wtdmso	wtcsc	3	21	20	20	0.14285714285714285	0.0029561543990882086
chr17:7311852	wtdmso	wtcsc	1	10	42	51	0.12142857142857143	0.024436343433475102
chr17:75756769	wtdmso	wtcsc	3	17	91	139	0.26955397543632836	0.03127898367068971
chr17:75757501	wtdmso	wtcsc	12	31	115	141	0.47461430575035063	0.04503172204425697
chr17:75778531	wtdmso	wtcsc	8	25	77	95	0.3948051948051948	0.03376209854289301
chr17:75779164	wtdmso	wtcsc	9	36	62	77	0.31048387096774194	0.004455204036555145
chr17:7578633	wtdmso	wtcsc	6	21	35	33	0.2693877551020408	0.011596122539645703
chr17:78971549	wtdmso	wtcsc	7	3	7	25	8.333333333333334	0.008451175633838173
chr17:81510029	wtdmso	wtcsc	45	94	330	465	0.6745647969052224	0.04872806329628684
chr17:81510184	wtdmso	wtcsc	28	68	313	441	0.5801541063709829	0.0204091053509539
chr17:81510221	wtdmso	wtcsc	44	96	307	436	0.6509229098805646	0.03037678112815099
chr17:81510274	wtdmso	wtcsc	84	70	305	524	2.061639344262295	4.924000447881381e-05
chr17:81510524	wtdmso	wtcsc	67	166	240	336	0.5650602409638554	0.0005810598081321329
chr17:81510592	wtdmso	wtcsc	47	105	257	374	0.6513989253288864	0.0263580267033537
chr17:81510684	wtdmso	wtcsc	163	278	55	61	0.6502943100065403	0.04275832256626906
chr17:81511907	wtdmso	wtcsc	13	44	154	227	0.4355076741440378	0.01246558424808578
chr17:81512069	wtdmso	wtcsc	6	24	146	229	0.3921232876712329	0.04903265076261403
chr17:81512113	wtdmso	wtcsc	17	54	150	210	0.44074074074074077	0.00505947217570255
chr17:81845672	wtdmso	wtcsc	13	9	28	56	2.888888888888889	0.047344446712750926
chr17:81868258	wtdmso	wtcsc	1	11	31	28	0.08211143695014662	0.008639239324642407
chr17:8377671	wtdmso	wtcsc	26	77	344	487	0.47802778616732106	0.001344130548686958
chr17:8382288	wtdmso	wtcsc	10	33	301	416	0.41880600020134906	0.016267690474339368
chr18:23943829	wtdmso	wtcsc	21	82	101	167	0.4234484424052161	0.0013395586246040543
chr18:23951716	wtdmso	wtcsc	1	15	208	348	0.11153846153846154	0.008240154381236299
chr18:23954640	wtdmso	wtcsc	11	44	194	329	0.42396907216494845	0.011596774319936439
chr18:23954787	wtdmso	wtcsc	16	53	207	341	0.4973110928812323	0.016959510023714805
chr18:46098239	wtdmso	wtcsc	1	8	33	21	0.07954545454545454	0.008805218955840875
chr18:49488551	wtdmso	wtcsc	6	29	514	677	0.27250771501408827	0.001658044817511376
chr18:49490914	wtdmso	wtcsc	16	47	492	630	0.4359107420861443	0.0038506700993698045
chr18:63504717	wtdmso	wtcsc	2	8	99	51	0.12878787878787878	0.00551008018714157
chr18:63504866	wtdmso	wtcsc	15	18	85	43	0.4215686274509804	0.042956652444494724
chr19:1038793	wtdmso	wtcsc	6	4	12	50	6.25	0.012542676862306515
chr19:1038979	wtdmso	wtcsc	2	15	26	38	0.19487179487179487	0.042240253529864435
chr19:1106255	wtdmso	wtcsc	26	65	63	77	0.4888888888888889	0.01311393516175703
chr19:1106552	wtdmso	wtcsc	3	16	54	69	0.23958333333333334	0.02334705553611955
chr19:12730811	wtdmso	wtcsc	3	18	8	1	0.020833333333333332	0.00022296544035674468
chr19:12944001	wtdmso	wtcsc	12	71	57	82	0.24314306893995552	2.5258069653923296e-05
chr19:12944109	wtdmso	wtcsc	5	32	49	89	0.28380102040816324	0.009440262078606817
chr19:12944449	wtdmso	wtcsc	19	53	72	103	0.5128406708595388	0.030370116715779584
chr19:17521048	wtdmso	wtcsc	1	9	49	55	0.12471655328798185	0.04086873640040578
chr19:17862124	wtdmso	wtcsc	20	50	586	671	0.45802047781569966	0.0030279122548370167
chr19:17862148	wtdmso	wtcsc	49	120	507	536	0.431689677843524	1.7787148258676035e-06
chr19:18532168	wtdmso	wtcsc	1	8	67	67	0.125	0.03520909069701069
chr19:18573361	wtdmso	wtcsc	59	102	262	291	0.642456219128873	0.019110108545076575
chr19:18575228	wtdmso	wtcsc	43	77	195	197	0.5641691641691642	0.008817882855201069
chr19:2037565	wtdmso	wtcsc	11	37	26	29	0.3316008316008316	0.013460558636588656
chr19:2273170	wtdmso	wtcsc	5	20	57	55	0.2412280701754386	0.006907746062946541
chr19:34393285	wtdmso	wtcsc	10	7	22	56	3.6363636363636362	0.023009728286078286
chr19:35158359	wtdmso	wtcsc	7	23	36	42	0.35507246376811596	0.04717806082232327
chr19:35546985	wtdmso	wtcsc	1	8	36	32	0.1111111111111111	0.029677415611186943
chr19:38290238	wtdmso	wtcsc	2	14	78	113	0.20695970695970695	0.03108249951027526
chr19:38376354	wtdmso	wtcsc	1	9	40	53	0.14722222222222223	0.04844135185660839
chr19:38729842	wtdmso	wtcsc	1	10	20	18	0.09	0.014360069894797253
chr19:39433254	wtdmso	wtcsc	35	76	491	532	0.4989816700610998	0.000918144040507584
chr19:3976327	wtdmso	wtcsc	342	512	230	242	0.7028192934782609	0.002589060956294991
chr19:3976519	wtdmso	wtcsc	153	255	342	441	0.7736842105263158	0.04112868753006933
chr19:3976575	wtdmso	wtcsc	21	61	422	552	0.45031466086551164	0.001606108835367213
chr19:3977474	wtdmso	wtcsc	29	64	328	441	0.6092320884146342	0.0346572630681078
chr19:3978038	wtdmso	wtcsc	7	27	275	404	0.38087542087542087	0.019937185280582713
chr19:3979350	wtdmso	wtcsc	14	39	318	454	0.5124979841960974	0.04185874572326279
chr19:3979865	wtdmso	wtcsc	22	77	250	305	0.3485714285714286	2.10656146174481e-05
chr19:3981383	wtdmso	wtcsc	23	63	203	282	0.50715458597232	0.008440765312081464
chr19:3981390	wtdmso	wtcsc	6	27	192	288	0.3333333333333333	0.015194634514653069
chr19:3983120	wtdmso	wtcsc	21	59	160	246	0.5472457627118644	0.03110678613026454
chr19:3983198	wtdmso	wtcsc	31	80	127	187	0.5705708661417322	0.02215009179846031
chr19:3984267	wtdmso	wtcsc	5	24	132	215	0.33933080808080807	0.02705234311096765
chr19:41861191	wtdmso	wtcsc	48	135	214	350	0.5815160955347871	0.004266588196137872
chr19:41869707	wtdmso	wtcsc	8	42	284	459	0.30784708249496984	0.0012941174823140323
chr19:41869722	wtdmso	wtcsc	3	21	260	424	0.23296703296703297	0.009625409033386732
chr19:4657601	wtdmso	wtcsc	12	41	24	35	0.4268292682926829	0.0456456799693959
chr19:46787942	wtdmso	wtcsc	12	6	24	43	3.5833333333333335	0.030195842780617863
chr19:47736507	wtdmso	wtcsc	1	4	21	8	0.09523809523809523	0.04198292220113852
chr19:47742746	wtdmso	wtcsc	37	47	23	9	0.3080481036077706	0.011953724774206323
chr19:48383112	wtdmso	wtcsc	16	32	88	82	0.4659090909090909	0.03281666832711496
chr19:48615895	wtdmso	wtcsc	14	35	474	598	0.5046413502109705	0.038291802704028724
chr19:48616113	wtdmso	wtcsc	10	27	457	577	0.4676229840343626	0.04293024963751366
chr19:48616731	wtdmso	wtcsc	16	58	422	505	0.33011930053930383	4.807665564970343e-05
chr19:48617869	wtdmso	wtcsc	6	20	399	495	0.37218045112781956	0.04303134614759196
chr19:48965373	wtdmso	wtcsc	14	73	329	704	0.4103759836782279	0.001589788279305164
chr19:48965429	wtdmso	wtcsc	10	49	291	617	0.43270916614068305	0.013712433093204735
chr19:48965460	wtdmso	wtcsc	10	66	293	599	0.3097528182852415	0.0002542813024935455
chr19:48966398	wtdmso	wtcsc	11	54	304	634	0.4248294346978557	0.008440710519927603
chr19:48966589	wtdmso	wtcsc	23	79	355	726	0.595400249598859	0.03476370842034356
chr19:48966600	wtdmso	wtcsc	1	36	353	737	0.05799496380232924	1.7086009428126566e-05
chr19:48966646	wtdmso	wtcsc	20	81	404	830	0.5072729495171739	0.0073669605892703735
chr19:48966654	wtdmso	wtcsc	66	190	319	634	0.6903811252268602	0.019231012416553388
chr19:49497924	wtdmso	wtcsc	2	15	331	499	0.20100704934541794	0.02191589139153281
chr19:49497964	wtdmso	wtcsc	5	26	360	521	0.2783119658119658	0.004904356046292294
chr19:54201565	wtdmso	wtcsc	16	39	170	196	0.4730015082956259	0.019311441846273335
chr19:55386391	wtdmso	wtcsc	46	74	491	460	0.5823746353277921	0.0065995944642100995
chr19:55388308	wtdmso	wtcsc	11	25	497	456	0.4037022132796781	0.016265425065988725
chr19:5691653	wtdmso	wtcsc	31	71	136	157	0.5040389395194698	0.005195336219859145
chr19:580744	wtdmso	wtcsc	26	56	72	65	0.4191468253968254	0.003170597853267139
chr19:58393131	wtdmso	wtcsc	22	51	409	468	0.4935998849417518	0.006936235494633264
chr19:58394542	wtdmso	wtcsc	57	40	425	540	1.8105882352941176	0.00723012658911659
chr19:58394691	wtdmso	wtcsc	118	185	355	388	0.6971298058622002	0.00934182753331226
chr19:58550631	wtdmso	wtcsc	2	13	37	46	0.19126819126819128	0.024423349824972167
chr19:8374163	wtdmso	wtcsc	6	27	7	5	0.15873015873015872	0.021603785508542556
chr19:9828871	wtdmso	wtcsc	1	4	31	12	0.0967741935483871	0.03656360085592278
chr1:10399669	wtdmso	wtcsc	2	16	9	9	0.125	0.027490862863499124
chr1:111456102	wtdmso	wtcsc	5	9	18	6	0.18518518518518517	0.03697028180441124
chr1:112701413	wtdmso	wtcsc	7	37	21	19	0.17117117117117117	0.0004864094676348416
chr1:116404702	wtdmso	wtcsc	2	12	36	44	0.2037037037037037	0.03911212065227261
chr1:11648760	wtdmso	wtcsc	3	7	48	25	0.22321428571428573	0.04019906960135073
chr1:151983054	wtdmso	wtcsc	34	63	330	356	0.5822029822029822	0.01677215949731023
chr1:151983202	wtdmso	wtcsc	17	53	301	318	0.3388704318936877	0.00011975760924401365
chr1:151983277	wtdmso	wtcsc	13	35	316	338	0.3972875226039783	0.004351678992577593
chr1:151983283	wtdmso	wtcsc	22	45	287	323	0.5502129307007356	0.028283471726106638
chr1:152032636	wtdmso	wtcsc	5	18	311	369	0.3295819935691318	0.031168621187107143
chr1:152033665	wtdmso	wtcsc	25	69	310	333	0.38920056100981765	8.903880928612037e-05
chr1:153534762	wtdmso	wtcsc	309	484	2011	2269	0.720336701858785	3.2310470177939504e-05
chr1:153534774	wtdmso	wtcsc	81	128	2147	2513	0.7406883150908244	0.03960548333706489
chr1:153534780	wtdmso	wtcsc	44	90	2040	2371	0.5682135076252723	0.0020374231884393895
chr1:153607185	wtdmso	wtcsc	4	13	144	147	0.3141025641025641	0.04577778121753769
chr1:153607651	wtdmso	wtcsc	24	12	110	131	2.381818181818182	0.020593840740897915
chr1:153614508	wtdmso	wtcsc	6	48	146	292	0.25	0.00051168009284686
chr1:153614965	wtdmso	wtcsc	40	114	139	244	0.615928309983592	0.02578504569601467
chr1:154962562	wtdmso	wtcsc	2	7	76	54	0.20300751879699247	0.04245263869258635
chr1:154962839	wtdmso	wtcsc	20	26	54	25	0.3561253561253561	0.008291674378501254
chr1:155062582	wtdmso	wtcsc	2	12	23	17	0.12318840579710146	0.006042302630992184
chr1:15784715	wtdmso	wtcsc	1	21	10	17	0.08095238095238096	0.013433435744857756
chr1:167541058	wtdmso	wtcsc	9	37	25	40	0.3891891891891892	0.03832689481280902
chr1:173864702	wtdmso	wtcsc	10	31	89	99	0.35882566147154765	0.008677238878174603
chr1:183228425	wtdmso	wtcsc	5	3	10	38	6.333333333333333	0.0256152775575639
chr1:183240104	wtdmso	wtcsc	30	84	104	177	0.6078296703296703	0.04640484649139514
chr1:183240352	wtdmso	wtcsc	2	16	159	274	0.21540880503144655	0.025080592823697286
chr1:183243146	wtdmso	wtcsc	6	29	115	152	0.2734632683658171	0.0030675497008854327
chr1:183243487	wtdmso	wtcsc	22	65	188	298	0.5364975450081833	0.021270377250381216
chr1:183243676	wtdmso	wtcsc	12	41	213	330	0.45345242184816215	0.017582101599538984
chr1:183243777	wtdmso	wtcsc	23	82	204	282	0.38773314203730275	9.887844138065935e-05
chr1:183243796	wtdmso	wtcsc	49	128	179	255	0.5453474162011173	0.0017040112863451876
chr1:183244561	wtdmso	wtcsc	2	16	95	151	0.1986842105263158	0.02147380286045237
chr1:201332698	wtdmso	wtcsc	1	7	26	14	0.07692307692307693	0.014742652262112563
chr1:20655505	wtdmso	wtcsc	10	5	11	23	4.181818181818182	0.03279595698224487
chr1:209429217	wtdmso	wtcsc	19	25	66	40	0.46060606060606063	0.04592540801913715
chr1:209614946	wtdmso	wtcsc	76	290	431	853	0.5186654932394592	1.8621749794987318e-06
chr1:209615086	wtdmso	wtcsc	229	575	171	332	0.7732316297991355	0.03620535009902116
chr1:209615148	wtdmso	wtcsc	43	135	447	959	0.6833540475598641	0.03895961289642117
chr1:209615313	wtdmso	wtcsc	9	43	508	1158	0.47711041933711773	0.045410242617776125
chr1:209615342	wtdmso	wtcsc	202	570	224	463	0.7325031328320802	0.007938072754438568
chr1:209615352	wtdmso	wtcsc	8	41	405	878	0.4230051189400783	0.02660175206421053
chr1:209617986	wtdmso	wtcsc	10	74	147	456	0.41919470490899063	0.011911281816396009
chr1:209618523	wtdmso	wtcsc	3	37	132	472	0.28992628992628994	0.02767118039807087
chr1:209625851	wtdmso	wtcsc	3	53	54	197	0.20649895178197064	0.0038306181177361395
chr1:209627572	wtdmso	wtcsc	6	66	51	213	0.37967914438502676	0.032501614782705454
chr1:209676008	wtdmso	wtcsc	1	17	142	257	0.10646230323115162	0.008991515063764978
chr1:226065759	wtdmso	wtcsc	4	15	34	36	0.2823529411764706	0.03813130775695569
chr1:23694780	wtdmso	wtcsc	18	47	383	570	0.5699683350924949	0.049349338296490436
chr1:26863645	wtdmso	wtcsc	3	15	45	61	0.27111111111111114	0.04034864003366645
chr1:26863843	wtdmso	wtcsc	10	34	57	53	0.27347781217750256	0.0011313036831673963
chr1:26864302	wtdmso	wtcsc	18	44	66	72	0.4462809917355372	0.013659274557796232
chr1:31434097	wtdmso	wtcsc	2	13	91	117	0.1978021978021978	0.027818069674163073
chr1:31434258	wtdmso	wtcsc	28	61	46	52	0.518888096935139	0.036394666081754574
chr1:31434326	wtdmso	wtcsc	9	29	87	108	0.38525564803804996	0.01895826135431425
chr1:31434644	wtdmso	wtcsc	1	12	99	144	0.12121212121212122	0.018347207553987065
chr1:32224118	wtdmso	wtcsc	2	13	49	50	0.15698587127158556	0.0108891635485008
chr1:32228749	wtdmso	wtcsc	9	32	46	45	0.2751358695652174	0.0022489270389183676
chr1:39563856	wtdmso	wtcsc	4	8	25	8	0.16	0.014003911699754524
chr1:42926847	wtdmso	wtcsc	36	55	31	23	0.48563049853372436	0.04064898526066504
chr1:44777999	wtdmso	wtcsc	52	128	355	517	0.591637323943662	0.003201183795868564
chr1:6193007	wtdmso	wtcsc	50	34	96	137	2.0986519607843137	0.004871567138307379
chr1:8861206	wtdmso	wtcsc	52	97	225	261	0.6218556701030927	0.014305311516689952
chr1:8861384	wtdmso	wtcsc	40	72	266	314	0.6558061821219716	0.04903674270041822
chr1:8863284	wtdmso	wtcsc	3	17	244	297	0.2148023143683703	0.009928066765924186
chr1:8863906	wtdmso	wtcsc	7	31	238	302	0.286527514231499	0.001932223483672064
chr1:8863990	wtdmso	wtcsc	9	27	219	279	0.4246575342465753	0.035060719600740184
chr1:8865292	wtdmso	wtcsc	10	42	190	233	0.29197994987468673	0.00031087770170378496
chr1:8865352	wtdmso	wtcsc	16	39	212	272	0.5263667150459603	0.043335107461450015
chr1:8865370	wtdmso	wtcsc	10	38	202	244	0.31787389265242316	0.001114800146985237
chr1:8865376	wtdmso	wtcsc	4	26	207	276	0.20512820512820512	0.001005367593889001
chr1:8865464	wtdmso	wtcsc	4	30	196	240	0.16326530612244897	9.979768436891396e-05
chr1:8874870	wtdmso	wtcsc	12	40	149	195	0.3926174496644295	0.006113860503276966
chr1:92833552	wtdmso	wtcsc	14	49	171	255	0.42606516290726815	0.007755025640212067
chr1:92836240	wtdmso	wtcsc	30	85	166	245	0.5209071580439405	0.0062077883467352496
chr1:92836321	wtdmso	wtcsc	37	97	161	240	0.5686111288979958	0.009775177445146289
chr1:92841770	wtdmso	wtcsc	21	63	197	296	0.5008460236886633	0.010280123064422953
chr1:9729233	wtdmso	wtcsc	5	15	29	25	0.28735632183908044	0.03649875827255307
chr1:9729784	wtdmso	wtcsc	5	20	12	12	0.25	0.037758447311795694
chr20:2461673	wtdmso	wtcsc	3	12	75	63	0.21	0.014007126016583769
chr20:24963206	wtdmso	wtcsc	9	25	34	34	0.36	0.032990341915920623
chr20:24963833	wtdmso	wtcsc	1	9	26	32	0.13675213675213677	0.04334077365290019
chr20:31605643	wtdmso	wtcsc	14	38	95	125	0.48476454293628807	0.04025658565220335
chr20:31605697	wtdmso	wtcsc	4	24	104	133	0.21314102564102563	0.0021227089137477433
chr20:31605735	wtdmso	wtcsc	43	32	59	112	2.5508474576271185	0.0011605353222191787
chr20:31606110	wtdmso	wtcsc	16	42	99	133	0.5117845117845118	0.03686469257744132
chr20:34080238	wtdmso	wtcsc	5	4	9	36	5.0	0.04051035805382141
chr20:35542873	wtdmso	wtcsc	3	12	28	27	0.24107142857142858	0.04195023144176899
chr20:35556999	wtdmso	wtcsc	7	1	54	70	9.074074074074074	0.024198317101040923
chr20:35953663	wtdmso	wtcsc	5	24	33	30	0.1893939393939394	0.0014917129127733414
chr20:396240	wtdmso	wtcsc	3	20	74	76	0.15405405405405406	0.0012090444583124065
chr20:397213	wtdmso	wtcsc	28	72	74	87	0.4572072072072072	0.004151933276641281
chr20:430705	wtdmso	wtcsc	4	25	21	39	0.29714285714285715	0.045364595653291206
chr20:45253121	wtdmso	wtcsc	5	38	87	245	0.3705384150030248	0.038334036982567196
chr20:45325693	wtdmso	wtcsc	6	22	90	98	0.296969696969697	0.008467421493089192
chr20:4700303	wtdmso	wtcsc	5	21	32	37	0.27529761904761907	0.018619596445415984
chr20:4700552	wtdmso	wtcsc	8	25	43	47	0.3497674418604651	0.023183522706056676
chr20:4700631	wtdmso	wtcsc	8	24	41	44	0.35772357723577236	0.03467445224275091
chr20:49289202	wtdmso	wtcsc	7	26	139	207	0.4009407858328722	0.03879773260159164
chr20:58903729	wtdmso	wtcsc	3	18	158	207	0.21835443037974683	0.010742334276902434
chr20:58910354	wtdmso	wtcsc	10	29	202	273	0.4660293615568453	0.042844665753171
chr20:58910746	wtdmso	wtcsc	3	16	172	251	0.27361918604651164	0.031729604264137505
chr20:58995382	wtdmso	wtcsc	10	3	11	24	7.2727272727272725	0.008027629865773682
chr20:58995473	wtdmso	wtcsc	6	2	15	33	6.6	0.042306540419747976
chr20:58995553	wtdmso	wtcsc	17	14	6	18	3.642857142857143	0.03143432270183071
chr20:59028834	wtdmso	wtcsc	38	57	160	135	0.5625	0.018258266643053144
chr20:62137396	wtdmso	wtcsc	2	18	47	90	0.2127659574468085	0.03683603968543224
chr20:62307387	wtdmso	wtcsc	2	6	19	8	0.14035087719298245	0.03863026654690595
chr20:63521878	wtdmso	wtcsc	30	66	279	281	0.4578038449006191	0.0008459335518896136
chr20:63522117	wtdmso	wtcsc	54	99	257	267	0.5666784577290414	0.0031099180292197236
chr20:63740496	wtdmso	wtcsc	1	14	11	17	0.11038961038961038	0.0327186776045673
chr22:19176895	wtdmso	wtcsc	10	5	4	24	12.0	0.001355589682639164
chr22:19435787	wtdmso	wtcsc	1	9	10	4	0.044444444444444446	0.004526181181854892
chr22:23825291	wtdmso	wtcsc	2	13	22	27	0.1888111888111888	0.03426394178970376
chr22:37225508	wtdmso	wtcsc	1	11	62	80	0.11730205278592376	0.028223510650870032
chr22:37225685	wtdmso	wtcsc	2	12	69	97	0.23429951690821257	0.04999441920135474
chr22:37675682	wtdmso	wtcsc	33	76	230	267	0.5040617848970251	0.0027014977991740535
chr22:37679717	wtdmso	wtcsc	23	50	274	341	0.5724817518248175	0.034219501606739755
chr22:37679744	wtdmso	wtcsc	46	103	239	276	0.5157411544867369	0.0007132347727922593
chr22:37874511	wtdmso	wtcsc	18	12	16	39	3.65625	0.010161921714046803
chr22:38219357	wtdmso	wtcsc	5	1	6	17	14.166666666666666	0.01847922192749779
chr22:39313251	wtdmso	wtcsc	7	34	610	846	0.2855351976856316	0.0011279453628639323
chr22:39313694	wtdmso	wtcsc	27	63	653	899	0.5900240647560708	0.027318422793560646
chr22:39314134	wtdmso	wtcsc	70	147	544	711	0.6223739495798319	0.0022152697549026393
chr22:39315433	wtdmso	wtcsc	21	56	559	794	0.5326475849731663	0.016603019478175003
chr22:39315472	wtdmso	wtcsc	53	127	465	639	0.5734823469646939	0.0013549534176575551
chr22:39318488	wtdmso	wtcsc	37	99	310	492	0.5931573802541544	0.01229429445099367
chr22:40972573	wtdmso	wtcsc	1	8	9	5	0.06944444444444445	0.028806030421321842
chr22_KI270879v1_alt:131242	wtdmso	wtcsc	8	25	49	61	0.3983673469387755	0.04338982613566869
chr2:101004243	wtdmso	wtcsc	1	15	571	760	0.08873321657910099	0.0034904522351298017
chr2:101006376	wtdmso	wtcsc	13	56	555	703	0.29404761904761906	2.657397083562267e-05
chr2:10783978	wtdmso	wtcsc	18	40	40	39	0.43875	0.02411380951065445
chr2:112832759	wtdmso	wtcsc	17	80	30	58	0.41083333333333333	0.011383597244665651
chr2:172504446	wtdmso	wtcsc	7	18	11	5	0.17676767676767677	0.022496247570177957
chr2:20201566	wtdmso	wtcsc	7	38	195	296	0.2796221322537112	0.0011285370199133604
chr2:20201807	wtdmso	wtcsc	77	170	84	105	0.5661764705882353	0.00506608925023385
chr2:20202539	wtdmso	wtcsc	58	141	64	81	0.5206117021276596	0.00445098198990098
chr2:20202698	wtdmso	wtcsc	43	102	67	94	0.5914544922446591	0.03221241842952433
chr2:20203220	wtdmso	wtcsc	7	37	76	129	0.32112375533428167	0.007695412628175748
chr2:215361480	wtdmso	wtcsc	60	60	392	255	0.6505102040816326	0.03391370433445094
chr2:215361499	wtdmso	wtcsc	45	55	451	280	0.5079621044144326	0.0016119179215184957
chr2:215362040	wtdmso	wtcsc	51	50	375	231	0.62832	0.03665457414688411
chr2:215371966	wtdmso	wtcsc	12	21	193	151	0.44707623982235384	0.04284504035174529
chr2:215372187	wtdmso	wtcsc	1	10	176	134	0.07613636363636364	0.0030890654755181745
chr2:215376533	wtdmso	wtcsc	5	12	150	110	0.3055555555555556	0.04069727731956445
chr2:215378221	wtdmso	wtcsc	10	18	116	79	0.3783524904214559	0.02409507470465444
chr2:216499311	wtdmso	wtcsc	3	20	338	427	0.18949704142011833	0.0024138436089917795
chr2:216529357	wtdmso	wtcsc	1	7	9	5	0.07936507936507936	0.03095975232198142
chr2:219253864	wtdmso	wtcsc	2	8	22	15	0.17045454545454544	0.03632960852883374
chr2:219539482	wtdmso	wtcsc	2	25	11	11	0.08	0.0010876819963518403
chr2:27071608	wtdmso	wtcsc	3	14	35	30	0.1836734693877551	0.012507295520587573
chr2:3580228	wtdmso	wtcsc	1	8	366	407	0.13900273224043716	0.041155458295182155
chr2:43222550	wtdmso	wtcsc	7	2	24	43	6.270833333333333	0.027126309086572847
chr2:47160403	wtdmso	wtcsc	10	5	32	56	3.5	0.044345058671611974
chr2:54972429	wtdmso	wtcsc	7	16	17	11	0.28308823529411764	0.048490576552631615
chr2:55235544	wtdmso	wtcsc	78	143	322	414	0.7012987012987013	0.029334500860760605
chr2:63606938	wtdmso	wtcsc	3	13	17	9	0.12217194570135746	0.004564183272232866
chr2:73252793	wtdmso	wtcsc	23	16	19	34	2.5723684210526314	0.03510071154887144
chr2:84906033	wtdmso	wtcsc	8	7	76	203	3.0526315789473686	0.03964503001972761
chr2:84906096	wtdmso	wtcsc	5	34	97	211	0.31989084293511216	0.01511311771807841
chr3:101681133	wtdmso	wtcsc	27	93	198	315	0.46187683284457476	0.0009636326899241457
chr3:101682448	wtdmso	wtcsc	4	27	176	344	0.2895622895622896	0.016861736746173788
chr3:101682885	wtdmso	wtcsc	23	82	192	318	0.4645579268292683	0.0022857533056271414
chr3:101685855	wtdmso	wtcsc	7	45	199	330	0.25795644891122277	0.0003798197761498798
chr3:101686492	wtdmso	wtcsc	6	28	189	332	0.3764172335600907	0.026842503762075153
chr3:12836181	wtdmso	wtcsc	30	72	258	340	0.5490956072351422	0.009070560794802065
chr3:156543235	wtdmso	wtcsc	7	32	41	69	0.36814024390243905	0.02910893866026863
chr3:39407719	wtdmso	wtcsc	12	44	573	565	0.2689195621132794	2.5982195443163277e-05
chr3:39407744	wtdmso	wtcsc	55	91	456	432	0.5725853094274147	0.002352439893864391
chr3:39407757	wtdmso	wtcsc	63	106	476	443	0.5531354051054383	0.0005782526539826627
chr3:39410877	wtdmso	wtcsc	50	85	533	576	0.635691424787551	0.017386578081207228
chr3:39411725	wtdmso	wtcsc	217	289	511	520	0.7640896809972982	0.014466870192823132
chr3:39411961	wtdmso	wtcsc	90	153	640	671	0.6167279411764706	0.0007670310669106509
chr3:39412303	wtdmso	wtcsc	17	36	736	801	0.5139266304347826	0.02516226182185097
chr3:39412357	wtdmso	wtcsc	267	371	530	512	0.6952347047754666	0.0003505486013808521
chr3:49027725	wtdmso	wtcsc	2	9	31	26	0.1863799283154122	0.04574952890664552
chr3:49357566	wtdmso	wtcsc	5	21	247	315	0.30364372469635625	0.01416352116524756
chr3:49359902	wtdmso	wtcsc	4	20	97	118	0.24329896907216494	0.00821593198686169
chr3:51993719	wtdmso	wtcsc	210	324	232	265	0.7403416347381865	0.019767015256378917
chr3:51994121	wtdmso	wtcsc	9	36	274	335	0.3056569343065693	0.0009413300851973841
chr3:53228068	wtdmso	wtcsc	41	151	127	289	0.6178755801220212	0.01933118216450857
chr3:53228118	wtdmso	wtcsc	2	46	151	373	0.1073999424128995	5.433173071746849e-05
chr3:53228126	wtdmso	wtcsc	1	17	159	405	0.14983351831298558	0.032501615136143414
chr3:53228297	wtdmso	wtcsc	13	69	111	284	0.4820472646559603	0.02617643755550335
chr3:53228340	wtdmso	wtcsc	4	33	66	175	0.3213957759412305	0.040108694764393764
chr3:9780004	wtdmso	wtcsc	1	5	23	10	0.08695652173913043	0.023624243438484918
chr4:108622528	wtdmso	wtcsc	6	34	371	544	0.2587601078167116	0.0008350650107775637
chr4:108622614	wtdmso	wtcsc	26	71	326	480	0.5391860364641838	0.010952839577536466
chr4:151101091	wtdmso	wtcsc	4	21	257	348	0.2579210672595887	0.011377548196823645
chr4:151101099	wtdmso	wtcsc	10	34	222	281	0.372284048754637	0.0064218270060507985
chr4:151104568	wtdmso	wtcsc	24	66	268	341	0.4626865671641791	0.0018995236826244537
chr4:39454184	wtdmso	wtcsc	15	7	543	756	2.983425414364641	0.01602842667223054
chr4:39454193	wtdmso	wtcsc	10	38	608	788	0.3410664819944598	0.0016282583891615938
chr4:39454565	wtdmso	wtcsc	157	313	470	534	0.5699000747739786	1.1326431888085045e-06
chr4:39456409	wtdmso	wtcsc	21	59	592	760	0.45693999083829595	0.0023158999490928613
chr4:39457607	wtdmso	wtcsc	79	147	532	686	0.6929824561403509	0.015544195164667807
chr4:39457645	wtdmso	wtcsc	162	296	460	552	0.6567567567567567	0.0003248018400676215
chr4:39458223	wtdmso	wtcsc	230	369	343	401	0.7287049546880309	0.004674752689946748
chr4:39458432	wtdmso	wtcsc	2	19	521	683	0.13799373674108495	0.0013884795917072008
chr4:57033275	wtdmso	wtcsc	6	18	45	46	0.34074074074074073	0.03861858083702714
chr4:6642493	wtdmso	wtcsc	17	34	36	30	0.4166666666666667	0.025742108961145087
chr4:77047806	wtdmso	wtcsc	27	65	94	132	0.5833060556464812	0.042696660520250715
chr4:77048489	wtdmso	wtcsc	5	16	74	73	0.30827702702702703	0.033722326746019424
chr5:10263272	wtdmso	wtcsc	2	18	25	30	0.13333333333333333	0.005789066207325988
chr5:112161037	wtdmso	wtcsc	2	8	47	36	0.19148936170212766	0.04260927746279074
chr5:1318287	wtdmso	wtcsc	2	8	29	16	0.13793103448275862	0.014661875620148934
chr5:133972085	wtdmso	wtcsc	2	11	66	81	0.2231404958677686	0.04402502785531598
chr5:133972262	wtdmso	wtcsc	5	20	65	82	0.3153846153846154	0.027286537898729243
chr5:133991078	wtdmso	wtcsc	6	4	9	34	5.666666666666667	0.02197264188345123
chr5:134157500	wtdmso	wtcsc	1	17	29	55	0.11156186612576065	0.019943430754900356
chr5:134197180	wtdmso	wtcsc	1	15	19	25	0.08771929824561403	0.011358661610546467
chr5:134197738	wtdmso	wtcsc	5	2	6	30	12.5	0.007580223927956559
chr5:136047279	wtdmso	wtcsc	13	25	66	54	0.4254545454545455	0.03976031774832908
chr5:136053017	wtdmso	wtcsc	1	7	84	76	0.1292517006802721	0.0331480052922737
chr5:136054720	wtdmso	wtcsc	2	9	86	70	0.18087855297157623	0.026026592921202237
chr5:136059102	wtdmso	wtcsc	29	43	131	97	0.49937866145925797	0.014442775753781976
chr5:137752740	wtdmso	wtcsc	20	12	14	25	2.9761904761904763	0.03299614124779027
chr5:138508190	wtdmso	wtcsc	4	14	10	4	0.11428571428571428	0.011001706277591256
chr5:140333124	wtdmso	wtcsc	2	14	16	20	0.17857142857142858	0.03060862336939279
chr5:150444284	wtdmso	wtcsc	59	131	368	542	0.6633338864918685	0.017504778536805612
chr5:150445677	wtdmso	wtcsc	1	11	328	532	0.14745011086474502	0.03679742105887434
chr5:150447679	wtdmso	wtcsc	22	61	331	496	0.5404388093705116	0.01780083590813315
chr5:171390057	wtdmso	wtcsc	9	51	85	208	0.4318339100346021	0.025181538731490857
chr5:171392924	wtdmso	wtcsc	1	25	219	408	0.07452054794520548	0.0004370668212354412
chr5:171405368	wtdmso	wtcsc	8	43	243	463	0.35448368264905733	0.005297222738537525
chr5:171407762	wtdmso	wtcsc	22	85	214	405	0.48982957669048927	0.003684619794200865
chr5:171407766	wtdmso	wtcsc	3	29	215	424	0.20400962309542903	0.0031856855060163735
chr5:171410661	wtdmso	wtcsc	22	111	224	421	0.372506435006435	2.347064419529052e-05
chr5:171410798	wtdmso	wtcsc	2	17	247	518	0.24672541081209812	0.04688087699948361
chr5:172768565	wtdmso	wtcsc	4	1	10	33	13.2	0.021045328399629974
chr5:172951136	wtdmso	wtcsc	1	10	12	7	0.058333333333333334	0.006725208824159348
chr5:173607968	wtdmso	wtcsc	6	29	4	3	0.15517241379310345	0.04349535671743631
chr5:177304700	wtdmso	wtcsc	1	10	48	64	0.13333333333333333	0.04853836964673241
chr5:177332037	wtdmso	wtcsc	21	56	29	36	0.46551724137931033	0.035575491500724206
chr5:177337230	wtdmso	wtcsc	1	11	39	53	0.12354312354312354	0.026774907889171955
chr5:177594274	wtdmso	wtcsc	7	22	108	130	0.382996632996633	0.030388295828589026
chr5:177595494	wtdmso	wtcsc	60	91	43	25	0.38333759263991823	0.002005075886667051
chr5:178149515	wtdmso	wtcsc	5	19	49	53	0.284640171858217	0.0209488030581832
chr5:179833626	wtdmso	wtcsc	2	35	98	244	0.1422740524781341	0.0013277986982683362
chr5:179862951	wtdmso	wtcsc	6	3	4	18	9.0	0.015151481331294653
chr5:181236941	wtdmso	wtcsc	8	25	111	116	0.33441441441441444	0.008655961993715381
chr5:181236993	wtdmso	wtcsc	44	93	853	972	0.539121884808834	0.0009547430690047571
chr5:181237650	wtdmso	wtcsc	24	82	910	1036	0.33320825515947466	6.59018938976508e-07
chr5:181237689	wtdmso	wtcsc	411	538	469	498	0.8111777807721879	0.024661618158233638
chr5:181239107	wtdmso	wtcsc	222	352	617	641	0.6552140120819213	4.143649683792799e-05
chr5:181239169	wtdmso	wtcsc	84	158	709	789	0.5916337862205638	0.0002856700852740194
chr5:181242318	wtdmso	wtcsc	35	81	624	694	0.4805713833491611	0.00042756832291633145
chr5:181242322	wtdmso	wtcsc	24	68	557	600	0.3801879818354631	4.74326858100302e-05
chr5:181243784	wtdmso	wtcsc	14	45	649	738	0.3537750385208012	0.0004517965103098077
chr5:181243796	wtdmso	wtcsc	36	75	557	587	0.5058527827648115	0.0010004862880541548
chr5:73502939	wtdmso	wtcsc	11	50	147	173	0.25891156462585035	3.2556458928846936e-05
chr5:73505378	wtdmso	wtcsc	24	53	157	187	0.5393582502103113	0.022042161987874363
chr5:82276407	wtdmso	wtcsc	162	270	595	706	0.7119327731092437	0.0029924419706921683
chr5:82276502	wtdmso	wtcsc	11	29	738	923	0.4743949163629567	0.03612658108914943
chr5:86617965	wtdmso	wtcsc	4	16	201	261	0.3246268656716418	0.039535186337620126
chr5:96772756	wtdmso	wtcsc	1	9	14	12	0.09523809523809523	0.024474609340146208
chr6:132816541	wtdmso	wtcsc	22	57	190	285	0.5789473684210527	0.045318460899692686
chr6:138091224	wtdmso	wtcsc	4	16	79	88	0.27848101265822783	0.030109816735367986
chr6:138091555	wtdmso	wtcsc	15	28	48	41	0.4575892857142857	0.04338617759268132
chr6:29945621	wtdmso	wtcsc	1	12	63	77	0.10185185185185185	0.008279249471882261
chr6:30723444	wtdmso	wtcsc	1	24	20	42	0.0875	0.004935598726137749
chr6:30725179	wtdmso	wtcsc	5	19	45	49	0.28654970760233917	0.020510064076250785
chr6:30743478	wtdmso	wtcsc	3	18	47	69	0.24468085106382978	0.025967197656730372
chr6:31268984	wtdmso	wtcsc	4	14	70	77	0.3142857142857143	0.04684405571937257
chr6:31270352	wtdmso	wtcsc	5	25	59	59	0.2	0.0009039614786296538
chr6:31270464	wtdmso	wtcsc	3	21	50	58	0.1657142857142857	0.0023437695187582238
chr6:31271630	wtdmso	wtcsc	2	14	42	56	0.19047619047619047	0.025770797896062778
chr6:31530293	wtdmso	wtcsc	1	6	21	5	0.03968253968253968	0.002456433073785688
chr6:31667908	wtdmso	wtcsc	4	15	49	46	0.2503401360544218	0.02192491079063335
chr6:31669956	wtdmso	wtcsc	3	14	52	52	0.21428571428571427	0.016979075997351215
chr6:31732250	wtdmso	wtcsc	8	38	69	93	0.2837528604118993	0.0017236080534093917
chr6:34245433	wtdmso	wtcsc	6	42	182	350	0.27472527472527475	0.0018932135144682804
chr6:34245842	wtdmso	wtcsc	2	17	203	367	0.21269197334106058	0.026140926165075427
chr6:34417474	wtdmso	wtcsc	5	32	239	344	0.22489539748953974	0.0007569924540790953
chr6:34421781	wtdmso	wtcsc	12	40	358	481	0.403072625698324	0.005546676323519288
chr6:34424810	wtdmso	wtcsc	18	59	335	438	0.3988869213255755	0.000626793630498037
chr6:35469427	wtdmso	wtcsc	5	18	288	346	0.33371913580246915	0.03129401658324267
chr6:36687125	wtdmso	wtcsc	8	22	68	68	0.36363636363636365	0.025569573398786283
chr6:44113852	wtdmso	wtcsc	14	14	8	0	0.0	0.013161682915657918
chr6:73517539	wtdmso	wtcsc	10	58	2835	3763	0.2288511828741714	8.589184845558288e-07
chr6:73517566	wtdmso	wtcsc	192	367	2357	2932	0.6507880173730288	3.641368695678742e-06
chr6:73517648	wtdmso	wtcsc	135	241	2387	3167	0.7432114131351182	0.0070556223523518535
chr6:73517679	wtdmso	wtcsc	4	18	3114	4110	0.29329907942624706	0.017974442834382792
chr6:73517708	wtdmso	wtcsc	1820	2688	1274	1404	0.7461734693877551	2.846944805476888e-09
chr6:73517749	wtdmso	wtcsc	1746	2668	1483	1668	0.7360601560312224	8.770248194543525e-11
chr6:73517873	wtdmso	wtcsc	56	109	2720	3563	0.6729897463572585	0.016858272437534905
chr6:73518250	wtdmso	wtcsc	184	455	2407	3012	0.5060405319649192	1.915253146326971e-14
chr6:73518387	wtdmso	wtcsc	39	86	2401	3163	0.5974109624865608	0.00789567787022944
chr6:73518399	wtdmso	wtcsc	410	677	2100	2729	0.7870085109376099	0.0005280987726514109
chr6:73518465	wtdmso	wtcsc	148	264	1911	2412	0.7075781361495648	0.0012432523085801526
chr6:73518577	wtdmso	wtcsc	27	99	2112	2690	0.34736570247933884	2.2402848785759533e-07
chr6:73518741	wtdmso	wtcsc	105	214	1805	2409	0.6548398788412251	0.000511221014247372
chr6:73518771	wtdmso	wtcsc	257	524	1783	2263	0.6224938242005711	5.615495212608565e-09
chr6:73519155	wtdmso	wtcsc	1	10	1614	2188	0.1355638166047088	0.030262865691174923
chr6:73519223	wtdmso	wtcsc	228	440	1552	1946	0.6497305529522024	8.765824872200984e-07
chr6:73519378	wtdmso	wtcsc	283	537	1350	1694	0.6612897441202842	4.0628940839047847e-07
chr6:73519398	wtdmso	wtcsc	111	248	1650	2098	0.5691055718475073	1.429435995521599e-06
chr6:73519416	wtdmso	wtcsc	6	43	1591	2040	0.17891336441904315	3.3461272077246665e-06
chr6:73519474	wtdmso	wtcsc	87	272	1554	1886	0.3881870315693845	5.5507562709081e-15
chr6:73519914	wtdmso	wtcsc	145	133	1436	1983	1.5055134353990827	0.0012706139734460242
chr6:73519984	wtdmso	wtcsc	31	66	1428	1916	0.6302096596214243	0.03707955790382618
chr6:73520010	wtdmso	wtcsc	92	262	1488	1863	0.43963925141590743	1.1702792125548223e-11
chr6:73520044	wtdmso	wtcsc	6	35	1456	1927	0.22688383045525903	0.00017894949617288145
chr6:73521004	wtdmso	wtcsc	279	516	975	1114	0.6177817531305904	2.1387802025009967e-08
chr6:75237985	wtdmso	wtcsc	1	10	76	77	0.1013157894736842	0.010675500249188391
chr6:85677817	wtdmso	wtcsc	5	27	35	39	0.20634920634920634	0.0021417536419808115
chr6_GL000251v2_alt:4687326	wtdmso	wtcsc	6	21	201	235	0.334044065387349	0.016521530066354637
chr6_GL000255v2_alt:4470265	wtdmso	wtcsc	4	17	201	218	0.25519461515949665	0.012193015309880376
chr7:100676311	wtdmso	wtcsc	2	14	72	74	0.14682539682539683	0.00664999069273498
chr7:100676734	wtdmso	wtcsc	6	1	67	85	7.611940298507463	0.048541479517993605
chr7:100678775	wtdmso	wtcsc	14	37	86	87	0.38277812696417346	0.006182205674844
chr7:101137530	wtdmso	wtcsc	119	83	130	54	0.595551436515292	0.01907788708909299
chr7:101138100	wtdmso	wtcsc	13	18	292	159	0.3932648401826484	0.019286910865452214
chr7:101138270	wtdmso	wtcsc	49	48	247	128	0.5290148448043185	0.006643972292094698
chr7:101138297	wtdmso	wtcsc	5	11	118	78	0.300462249614792	0.033644444626603376
chr7:10938868	wtdmso	wtcsc	12	29	49	47	0.3969035890218156	0.02418050501555393
chr7:143383106	wtdmso	wtcsc	2	14	37	44	0.16988416988416988	0.013482489688232718
chr7:151081117	wtdmso	wtcsc	1	12	58	78	0.11206896551724138	0.01579849776955187
chr7:2380598	wtdmso	wtcsc	1	15	9	14	0.1037037037037037	0.02791423124989489
chr7:44799771	wtdmso	wtcsc	19	67	272	340	0.35447761194029853	6.229245654062074e-05
chr7:44801402	wtdmso	wtcsc	68	146	245	290	0.5512999720436119	0.0004233773355739902
chr7:44801427	wtdmso	wtcsc	18	47	295	403	0.5231878831590335	0.02475954022044495
chr7:5527187	wtdmso	wtcsc	113	166	563	443	0.5356309786214128	5.302055835195874e-06
chr7:5527532	wtdmso	wtcsc	315	347	391	307	0.7127589790458221	0.001974290541502512
chr7:5527601	wtdmso	wtcsc	80	114	625	525	0.5894736842105263	0.000810612016831979
chr7:5527616	wtdmso	wtcsc	34	54	570	481	0.5313190383365822	0.005351171638990806
chr7:5527736	wtdmso	wtcsc	86	115	577	446	0.5780423479767915	0.0004762197224206605
chr7:5527742	wtdmso	wtcsc	192	229	322	215	0.5598199028994548	1.187510810707049e-05
chr7:5528526	wtdmso	wtcsc	66	129	457	323	0.3616100961783115	7.069489959702198e-10
chr7:5528546	wtdmso	wtcsc	16	28	470	402	0.4887537993920973	0.02937854614761319
chr7:5529165	wtdmso	wtcsc	37	61	357	294	0.49951783992285437	0.0016506108756599012
chr7:5529191	wtdmso	wtcsc	10	24	464	383	0.34392959770114945	0.004498604424653887
chr7:5593285	wtdmso	wtcsc	1	9	68	74	0.12091503267973856	0.022492633307142303
chr7:5603300	wtdmso	wtcsc	3	11	85	76	0.24385026737967913	0.027817384760702838
chr7:5605304	wtdmso	wtcsc	5	19	100	99	0.26052631578947366	0.008407735647726403
chr7:5606202	wtdmso	wtcsc	19	44	98	89	0.39216141001855287	0.0022459207565623807
chr7:56101635	wtdmso	wtcsc	5	1	117	216	9.23076923076923	0.024314254634974816
chr7:56101807	wtdmso	wtcsc	15	9	128	220	2.8645833333333335	0.01630871688194683
chr7:6463043	wtdmso	wtcsc	5	24	40	68	0.3541666666666667	0.04768720929594184
chr7:93886446	wtdmso	wtcsc	13	40	26	203	2.5375	0.024777754324187936
chr7:97852205	wtdmso	wtcsc	3	17	24	29	0.21323529411764705	0.028033023083046102
chr8:100705639	wtdmso	wtcsc	6	22	148	190	0.3501228501228501	0.02720281016231415
chr8:100709215	wtdmso	wtcsc	12	30	109	123	0.45137614678899085	0.028929939712036112
chr8:100712702	wtdmso	wtcsc	23	50	88	86	0.4495454545454545	0.007570790996744856
chr8:11830323	wtdmso	wtcsc	15	10	9	22	3.6666666666666665	0.029953688763450215
chr8:124549941	wtdmso	wtcsc	3	15	17	19	0.2235294117647059	0.03796566275677567
chr8:133256792	wtdmso	wtcsc	4	15	50	56	0.2986666666666667	0.04414162717480606
chr8:133258400	wtdmso	wtcsc	4	20	57	52	0.1824561403508772	0.0014632687583026503
chr8:143991213	wtdmso	wtcsc	1	15	23	33	0.09565217391304348	0.013946111422056661
chr8:48918304	wtdmso	wtcsc	1	8	19	13	0.08552631578947369	0.02048577658333756
chr8:56073064	wtdmso	wtcsc	10	40	166	184	0.27710843373493976	0.00021627822871543725
chr8:56073180	wtdmso	wtcsc	19	68	258	307	0.3324783401732786	2.219282427082322e-05
chr8:73291077	wtdmso	wtcsc	13	70	389	501	0.23918472273228059	2.937020243914199e-07
chr8:73292329	wtdmso	wtcsc	61	159	269	338	0.48205559841948986	1.388177459601017e-05
chr8:98041846	wtdmso	wtcsc	22	80	194	298	0.42242268041237113	0.0006386744508404317
chr8:98042702	wtdmso	wtcsc	34	101	163	257	0.5307659600315859	0.0038279858012820623
chr9:110250826	wtdmso	wtcsc	1	14	152	256	0.12030075187969924	0.013534467771801045
chr9:110256449	wtdmso	wtcsc	5	26	120	179	0.28685897435897434	0.01045036884289159
chr9:121327358	wtdmso	wtcsc	3	6	21	7	0.16666666666666666	0.04248997738168712
chr9:124857987	wtdmso	wtcsc	30	21	147	286	2.7793974732750244	0.0006729349818639871
chr9:125236469	wtdmso	wtcsc	23	118	106	297	0.5461304764950432	0.015910024123423943
chr9:125236518	wtdmso	wtcsc	54	224	66	169	0.617288961038961	0.021739092669449924
chr9:125236544	wtdmso	wtcsc	42	193	84	225	0.582901554404145	0.013614713226732585
chr9:125236690	wtdmso	wtcsc	27	149	91	259	0.5157459989674755	0.0056056952274578225
chr9:125237103	wtdmso	wtcsc	9	71	67	230	0.43514820264872817	0.027525153175167565
chr9:125239460	wtdmso	wtcsc	4	51	52	169	0.2549019607843137	0.00785667822829335
chr9:125241156	wtdmso	wtcsc	12	75	32	92	0.46	0.03935660384964494
chr9:127447965	wtdmso	wtcsc	37	87	521	577	0.470999624947603	0.0001904600573572935
chr9:127449622	wtdmso	wtcsc	26	52	466	556	0.5965665236051502	0.044064170416089746
chr9:127449636	wtdmso	wtcsc	31	58	486	550	0.6048673194267064	0.03475811578568452
chr9:127449664	wtdmso	wtcsc	123	210	388	413	0.6234536082474227	0.0004008456559035596
chr9:129739207	wtdmso	wtcsc	3	3	8	63	7.875	0.03496171008788168
chr9:133349551	wtdmso	wtcsc	34	65	469	493	0.5498441856650812	0.007967838138677463
chr9:133349574	wtdmso	wtcsc	6	18	595	680	0.38095238095238093	0.03907760828859203
chr9:133349688	wtdmso	wtcsc	24	48	579	619	0.5345423143350605	0.01483974424431101
chr9:133350269	wtdmso	wtcsc	20	42	626	705	0.5362848014605203	0.026312763839634514
chr9:133350667	wtdmso	wtcsc	2	13	735	799	0.1672422815279958	0.008088485320377281
chr9:133351344	wtdmso	wtcsc	139	266	608	566	0.4864587455480807	1.1756030141779432e-09
chr9:136724785	wtdmso	wtcsc	1	11	33	31	0.08539944903581267	0.00909231877766871
chr9:137242600	wtdmso	wtcsc	2	9	10	2	0.044444444444444446	0.0033289499570291065
chr9:19378490	wtdmso	wtcsc	62	130	414	495	0.5702341137123745	0.0007465966159773396
chr9:19378494	wtdmso	wtcsc	189	309	312	376	0.7371172516803585	0.012341827533417896
chr9:19378791	wtdmso	wtcsc	99	190	429	534	0.648582995951417	0.0022085989661481766
chr9:19379555	wtdmso	wtcsc	21	55	476	632	0.506951871657754	0.011188043067279965
chr9:35057077	wtdmso	wtcsc	6	20	27	27	0.3	0.029283119095922766
chr9:83970204	wtdmso	wtcsc	1	12	42	47	0.09325396825396826	0.006732434719744532
chrX:101391524	wtdmso	wtcsc	22	75	162	302	0.5468312757201647	0.023463905856761863
chrX:119468546	wtdmso	wtcsc	3	15	70	75	0.21428571428571427	0.011883525500446936
chrX:119469867	wtdmso	wtcsc	1	13	85	86	0.07782805429864253	0.0017339612598205303
chrX:119470024	wtdmso	wtcsc	8	25	72	75	0.3333333333333333	0.011482691187155041
chrX:119470899	wtdmso	wtcsc	7	24	90	95	0.30787037037037035	0.010301895248737257
chrX:119786554	wtdmso	wtcsc	15	52	180	275	0.4407051282051282	0.006674241245290927
chrX:12977022	wtdmso	wtcsc	5	23	138	234	0.3686200378071834	0.042254654674417594
chrX:154349807	wtdmso	wtcsc	1	10	126	165	0.13095238095238096	0.02820207238385026
chrX:154399354	wtdmso	wtcsc	8	24	685	899	0.43746958637469585	0.04644554610284367
chrX:154400564	wtdmso	wtcsc	18	83	804	1029	0.27755799316669666	8.146478494954886e-08
chrX:154400756	wtdmso	wtcsc	12	35	804	1100	0.4690831556503198	0.024256513227326644
chrX:23785369	wtdmso	wtcsc	1	11	151	246	0.14810355207706202	0.036910452965424195
chrX:23785741	wtdmso	wtcsc	8	42	164	257	0.29849012775842043	0.001044011749935583
chrX:47214398	wtdmso	wtcsc	1	7	50	39	0.11142857142857143	0.025099981342526258
chrX:47583408	wtdmso	wtcsc	21	83	136	297	0.5525336640680368	0.030217267292514782
chrX:47585546	wtdmso	wtcsc	7	37	179	391	0.41325683225124565	0.03965018561032185
chrX:49173399	wtdmso	wtcsc	13	25	66	58	0.45696969696969697	0.04355276087014817
chrX:49174932	wtdmso	wtcsc	6	18	62	61	0.3279569892473118	0.025912890248896685
chrX:72273371	wtdmso	wtcsc	61	110	458	497	0.6017665740373164	0.003473485970875782
chrX:72273836	wtdmso	wtcsc	2	13	489	565	0.17775680352367468	0.01585589666893559
chrX:72273911	wtdmso	wtcsc	46	93	475	537	0.5591850594227504	0.0026118032792610026
chrX:72275101	wtdmso	wtcsc	19	51	447	514	0.42838970039917534	0.001736954403923177
chrX:72275573	wtdmso	wtcsc	115	180	378	400	0.6760728982951205	0.004940754883447265
